Episode,Snake Size,Epsilon,Total Reward
1,1,1.0,-0.16
2,1,1.0,-0.67
3,1,1.0,-0.78
4,2,1.0,9.87
5,3,1.0,19.89
6,1,1.0,-0.84
7,1,0.99,-0.56
8,1,0.99,-0.4
9,1,0.99,-0.13
10,1,0.99,-0.66
11,1,0.99,-0.28
12,1,0.99,-0.15
13,1,0.99,-0.23
14,1,0.99,-0.34
15,1,0.99,-0.68
16,3,0.99,18.56
17,1,0.98,-0.36
18,2,0.98,9.74
19,1,0.98,-0.2
20,1,0.98,-0.28
21,1,0.98,-0.39
22,1,0.98,-0.36
23,1,0.98,-0.16
24,1,0.98,-0.24
25,1,0.98,-0.33
26,1,0.98,-0.4
27,1,0.97,-0.27
28,1,0.97,-0.22
29,1,0.97,-0.58
30,1,0.97,-0.22
31,1,0.97,-0.37
32,1,0.97,-0.48
33,1,0.97,-0.08
34,1,0.97,-0.25
35,1,0.97,-0.44
36,1,0.97,-0.65
37,1,0.96,-0.18
38,1,0.96,-0.49
39,1,0.96,-0.33
40,1,0.96,-0.47
41,1,0.96,-0.36
42,3,0.96,19.29
43,1,0.96,-0.27
44,1,0.96,-0.41
45,1,0.96,-0.31
46,1,0.96,-0.21
47,2,0.96,9.66
48,3,0.95,19.82
49,1,0.95,-0.32
50,1,0.95,-0.2
51,1,0.95,-0.33
52,1,0.95,-0.29
53,1,0.95,-0.64
54,1,0.95,-0.5
55,1,0.95,-0.15
56,1,0.95,-0.21
57,1,0.95,-0.15
58,1,0.94,-0.23
59,1,0.94,-0.8
60,1,0.94,-0.4
61,2,0.94,9.46
62,1,0.94,-0.24
63,2,0.94,9.35
64,1,0.94,-0.25
65,2,0.94,9.7
66,1,0.94,-0.11
67,1,0.94,-0.21
68,1,0.94,-0.79
69,1,0.93,-0.3
70,1,0.93,-0.16
71,2,0.93,9.81
72,2,0.93,9.66
73,1,0.93,-0.12
74,1,0.93,-0.86
75,1,0.93,-0.12
76,1,0.93,-0.13
77,2,0.93,9.68
78,1,0.93,-0.29
79,2,0.92,9.88
80,2,0.92,9.42
81,1,0.92,-0.19
82,2,0.92,9.73
83,2,0.92,9.52
84,1,0.92,-0.33
85,1,0.92,-0.96
86,1,0.92,-0.28
87,1,0.92,-0.18
88,1,0.92,-0.33
89,1,0.92,-0.16
90,1,0.91,-0.08
91,1,0.91,-0.15
92,1,0.91,-0.74
93,1,0.91,-0.21
94,1,0.91,-0.41
95,1,0.91,-0.58
96,1,0.91,-0.37
97,1,0.91,-0.31
98,1,0.91,-0.67
99,1,0.91,-0.21
100,1,0.91,-0.36
101,1,0.9,-0.15
102,1,0.9,-0.5
103,2,0.9,9.36
104,1,0.9,-0.46
105,1,0.9,-0.35
106,1,0.9,-0.97
107,1,0.9,-0.18
108,1,0.9,-0.2
109,1,0.9,-0.31
110,1,0.9,-0.26
111,1,0.9,-0.8
112,1,0.89,-0.17
113,1,0.89,-0.21
114,1,0.89,-0.2
115,1,0.89,-0.27
116,1,0.89,-0.18
117,1,0.89,-0.38
118,2,0.89,9.66
119,1,0.89,-0.38
120,2,0.89,9.5
121,2,0.89,9.68
122,1,0.89,-0.08
123,2,0.89,9.87
124,1,0.88,-0.22
125,2,0.88,9.55
126,1,0.88,-0.43
127,2,0.88,9.74
128,1,0.88,-0.78
129,1,0.88,-0.14
130,1,0.88,-0.17
131,1,0.88,-0.34
132,1,0.88,-0.3
133,1,0.88,-0.22
134,1,0.88,-0.14
135,1,0.87,-0.68
136,1,0.87,-0.22
137,2,0.87,9.91
138,1,0.87,-0.16
139,2,0.87,9.91
140,1,0.87,-0.34
141,1,0.87,-0.43
142,1,0.87,-0.2
143,2,0.87,9.76
144,1,0.87,-0.2
145,1,0.87,-0.13
146,1,0.86,-0.48
147,1,0.86,-0.14
148,1,0.86,-0.29
149,1,0.86,-0.28
150,2,0.86,9.75
151,1,0.86,-0.17
152,2,0.86,9.7
153,1,0.86,-0.2
154,1,0.86,-0.13
155,1,0.86,-0.21
156,1,0.86,-0.19
157,1,0.86,-0.27
158,1,0.85,-0.14
159,1,0.85,-0.45
160,1,0.85,-0.17
161,1,0.85,-0.24
162,2,0.85,9.77
163,1,0.85,-0.18
164,1,0.85,-0.16
165,1,0.85,-0.26
166,1,0.85,-0.38
167,1,0.85,-0.9
168,3,0.85,19.53
169,3,0.85,19.85
170,1,0.84,-0.77
171,1,0.84,-0.35
172,1,0.84,-0.57
173,1,0.84,-0.49
174,1,0.84,-0.14
175,1,0.84,-0.23
176,1,0.84,-0.34
177,1,0.84,-0.26
178,2,0.84,9.82
179,1,0.84,-0.17
180,2,0.84,9.69
181,2,0.84,9.92
182,1,0.83,-0.49
183,1,0.83,-0.32
184,2,0.83,9.91
185,1,0.83,-0.71
186,2,0.83,9.63
187,1,0.83,-0.16
188,2,0.83,9.82
189,1,0.83,-0.1
190,1,0.83,-0.3
191,2,0.83,9.69
192,1,0.83,-0.12
193,1,0.83,-0.33
194,1,0.82,-0.11
195,1,0.82,-0.22
196,1,0.82,-0.89
197,1,0.82,-0.1
198,1,0.82,-0.14
199,1,0.82,-0.19
200,1,0.82,-0.15
201,1,0.82,-0.11
202,1,0.82,-0.07
203,1,0.82,-0.27
204,2,0.82,9.55
205,1,0.82,-0.11
206,1,0.81,-0.19
207,1,0.81,-0.17
208,1,0.81,-0.08
209,1,0.81,-0.28
210,2,0.81,9.71
211,1,0.81,-0.19
212,1,0.81,-0.22
213,1,0.81,-0.17
214,2,0.81,9.87
215,2,0.81,9.75
216,1,0.81,-0.22
217,1,0.81,-0.17
218,1,0.8,-0.33
219,1,0.8,-0.19
220,1,0.8,-0.13
221,1,0.8,-0.24
222,1,0.8,-0.2
223,1,0.8,-0.14
224,1,0.8,-0.47
225,1,0.8,-0.17
226,1,0.8,-0.31
227,1,0.8,-0.32
228,2,0.8,9.44
229,1,0.8,-0.14
230,1,0.8,-0.11
231,2,0.79,9.78
232,1,0.79,-0.11
233,1,0.79,-0.32
234,1,0.79,-0.49
235,1,0.79,-0.09
236,1,0.79,-0.19
237,1,0.79,-0.15
238,1,0.79,-0.35
239,1,0.79,-0.18
240,2,0.79,9.75
241,1,0.79,-0.09
242,1,0.79,-0.12
243,3,0.78,18.94
244,1,0.78,-0.34
245,1,0.78,-0.2
246,1,0.78,-0.17
247,1,0.78,-0.09
248,1,0.78,-0.18
249,1,0.78,-0.09
250,1,0.78,-0.31
251,2,0.78,9.94
252,1,0.78,-0.34
253,1,0.78,-0.18
254,1,0.78,-0.52
255,2,0.78,10
256,1,0.77,-0.14
257,1,0.77,-0.19
258,1,0.77,-0.18
259,2,0.77,9.63
260,1,0.77,-0.15
261,1,0.77,-0.12
262,1,0.77,-0.17
263,1,0.77,-0.17
264,1,0.77,-0.1
265,1,0.77,-0.09
266,1,0.77,-0.08
267,1,0.77,-0.17
268,1,0.77,-0.15
269,1,0.76,-0.21
270,1,0.76,-0.15
271,1,0.76,-0.1
272,2,0.76,9.83
273,1,0.76,-0.1
274,1,0.76,-0.42
275,1,0.76,-0.46
276,1,0.76,-0.07
277,1,0.76,-0.14
278,1,0.76,-0.09
279,1,0.76,-0.88
280,1,0.76,-0.29
281,1,0.76,-0.44
282,1,0.75,-0.54
283,1,0.75,-0.25
284,1,0.75,-0.37
285,1,0.75,-0.11
286,1,0.75,-0.37
287,1,0.75,-0.13
288,2,0.75,9.71
289,1,0.75,-0.3
290,2,0.75,9.87
291,1,0.75,-0.27
292,1,0.75,-0.12
293,1,0.75,-0.12
294,1,0.75,-0.12
295,1,0.75,-0.17
296,1,0.74,-0.21
297,1,0.74,-0.51
298,1,0.74,-0.3
299,1,0.74,-0.1
300,1,0.74,-0.15
301,1,0.74,-0.27
302,1,0.74,-0.29
303,1,0.74,-0.08
304,1,0.74,-0.36
305,1,0.74,-0.36
306,1,0.74,-0.15
307,1,0.74,-0.43
308,1,0.74,-0.2
309,1,0.73,-0.14
310,1,0.73,-0.29
311,2,0.73,9.55
312,2,0.73,9.84
313,1,0.73,-0.28
314,1,0.73,-0.21
315,1,0.73,-0.32
316,1,0.73,-0.26
317,2,0.73,9.66
318,1,0.73,-0.16
319,2,0.73,9.78
320,1,0.73,-0.13
321,1,0.73,-0.15
322,1,0.73,-0.2
323,1,0.72,-0.7
324,1,0.72,-0.27
325,1,0.72,-0.09
326,1,0.72,-0.27
327,1,0.72,-0.14
328,1,0.72,-0.13
329,1,0.72,-0.07
330,1,0.72,-0.13
331,1,0.72,-0.65
332,1,0.72,-0.09
333,1,0.72,-0.09
334,1,0.72,-0.39
335,1,0.72,-0.07
336,1,0.72,-0.43
337,1,0.71,-0.09
338,2,0.71,9.88
339,1,0.71,-0.43
340,2,0.71,9.75
341,1,0.71,-0.15
342,1,0.71,-0.23
343,1,0.71,-0.15
344,1,0.71,-0.3
345,1,0.71,-0.15
346,1,0.71,-0.09
347,1,0.71,-0.08
348,2,0.71,9.83
349,1,0.71,-0.19
350,1,0.71,-0.13
351,1,0.7,-0.45
352,1,0.7,-0.21
353,1,0.7,-0.39
354,1,0.7,-0.27
355,1,0.7,-0.17
356,1,0.7,-0.11
357,2,0.7,9.79
358,1,0.7,-0.11
359,1,0.7,-0.11
360,1,0.7,-0.25
361,1,0.7,-0.29
362,1,0.7,-0.13
363,1,0.7,-0.32
364,1,0.7,-0.15
365,1,0.69,-0.33
366,1,0.69,-0.09
367,1,0.69,-0.06
368,1,0.69,-0.27
369,1,0.69,-0.18
370,1,0.69,-0.08
371,1,0.69,-0.48
372,1,0.69,-0.11
373,1,0.69,-0.31
374,1,0.69,-0.19
375,1,0.69,-0.2
376,1,0.69,-0.18
377,1,0.69,-0.13
378,1,0.69,-0.14
379,2,0.69,9.87
380,1,0.68,-0.17
381,1,0.68,-0.18
382,1,0.68,-0.41
383,1,0.68,-0.48
384,1,0.68,-0.18
385,1,0.68,-0.46
386,1,0.68,-0.18
387,1,0.68,-0.26
388,1,0.68,-0.17
389,1,0.68,-0.16
390,1,0.68,-0.16
391,1,0.68,-0.1
392,1,0.68,-0.19
393,1,0.68,-0.08
394,1,0.67,-0.17
395,1,0.67,-0.16
396,1,0.67,-0.41
397,1,0.67,-0.17
398,1,0.67,-0.3
399,1,0.67,-0.16
400,1,0.67,-0.12
401,2,0.67,9.84
402,1,0.67,-0.17
403,1,0.67,-0.12
404,1,0.67,-0.2
405,1,0.67,-0.06
406,1,0.67,-0.2
407,1,0.67,-0.1
408,1,0.67,-0.14
409,1,0.66,-0.54
410,1,0.66,-0.27
411,1,0.66,-0.1
412,1,0.66,-0.11
413,1,0.66,-0.15
414,1,0.66,-0.07
415,1,0.66,-0.16
416,1,0.66,-0.17
417,1,0.66,-0.27
418,1,0.66,-0.31
419,1,0.66,-0.31
420,1,0.66,-0.19
421,1,0.66,-0.1
422,1,0.66,-0.19
423,1,0.66,-0.21
424,1,0.65,-0.16
425,1,0.65,-0.1
426,1,0.65,-0.12
427,1,0.65,-0.18
428,1,0.65,-0.1
429,1,0.65,-0.19
430,1,0.65,-0.36
431,1,0.65,-0.18
432,1,0.65,-0.29
433,1,0.65,-0.23
434,1,0.65,-0.13
435,2,0.65,9.91
436,1,0.65,-0.23
437,1,0.65,-0.17
438,1,0.65,-0.11
439,1,0.65,-0.07
440,1,0.64,-0.2
441,1,0.64,-0.44
442,1,0.64,-0.15
443,1,0.64,-0.15
444,1,0.64,-0.1
445,1,0.64,-0.08
446,1,0.64,-0.1
447,1,0.64,-0.21
448,1,0.64,-0.27
449,1,0.64,-0.37
450,1,0.64,-0.23
451,2,0.64,9.92
452,1,0.64,-0.17
453,1,0.64,-0.16
454,1,0.64,-0.14
455,1,0.63,-0.1
456,1,0.63,-0.26
457,1,0.63,-0.11
458,1,0.63,-0.07
459,1,0.63,-0.1
460,1,0.63,-0.33
461,1,0.63,-0.06
462,1,0.63,-0.26
463,1,0.63,-0.13
464,2,0.63,9.76
465,1,0.63,-0.17
466,2,0.63,9.87
467,1,0.63,-0.25
468,1,0.63,-0.11
469,1,0.63,-0.15
470,2,0.63,9.85
471,1,0.62,-0.11
472,1,0.62,-0.32
473,1,0.62,-0.13
474,1,0.62,-0.1
475,1,0.62,-0.08
476,1,0.62,-0.18
477,1,0.62,-0.11
478,1,0.62,-0.08
479,1,0.62,-0.08
480,1,0.62,-0.22
481,1,0.62,-0.14
482,1,0.62,-0.08
483,1,0.62,-0.15
484,1,0.62,-0.32
485,1,0.62,-0.25
486,1,0.62,-0.07
487,1,0.61,-0.1
488,1,0.61,-0.26
489,1,0.61,-0.09
490,1,0.61,-0.38
491,2,0.61,9.91
492,1,0.61,-0.27
493,1,0.61,-0.14
494,1,0.61,-0.2
495,1,0.61,-0.18
496,1,0.61,-0.04
497,1,0.61,-0.2
498,1,0.61,-0.08
499,1,0.61,-0.16
500,1,0.61,-0.09
501,2,0.61,9.87
502,1,0.61,-0.1
503,1,0.61,-0.19
504,1,0.6,-0.1
505,1,0.6,-0.04
506,1,0.6,-0.11
507,1,0.6,-0.16
508,1,0.6,-0.15
509,1,0.6,-0.27
510,1,0.6,-0.2
511,1,0.6,-0.09
512,1,0.6,-0.06
513,1,0.6,-0.09
514,1,0.6,-0.17
515,1,0.6,-0.06
516,1,0.6,-0.17
517,2,0.6,9.92
518,1,0.6,-0.18
519,1,0.6,-0.15
520,1,0.59,-0.09
521,1,0.59,-0.13
522,2,0.59,9.85
523,2,0.59,9.86
524,1,0.59,-0.12
525,1,0.59,-0.09
526,1,0.59,-0.15
527,1,0.59,-0.18
528,1,0.59,-0.29
529,1,0.59,-0.07
530,1,0.59,-0.2
531,1,0.59,-0.1
532,1,0.59,-0.11
533,2,0.59,9.86
534,1,0.59,-0.16
535,1,0.59,-0.2
536,1,0.59,-0.19
537,1,0.58,-0.12
538,1,0.58,-0.19
539,1,0.58,-0.14
540,1,0.58,-0.14
541,1,0.58,-0.16
542,1,0.58,-0.1
543,1,0.58,-0.22
544,1,0.58,-0.32
545,1,0.58,-0.17
546,1,0.58,-0.07
547,1,0.58,-0.11
548,1,0.58,-0.07
549,1,0.58,-0.13
550,1,0.58,-0.08
551,1,0.58,-0.23
552,1,0.58,-0.14
553,1,0.58,-0.13
554,1,0.58,-0.26
555,1,0.57,-0.11
556,1,0.57,-0.14
557,1,0.57,-0.06
558,1,0.57,-0.16
559,1,0.57,-0.11
560,1,0.57,-0.08
561,1,0.57,-0.11
562,1,0.57,-0.09
563,1,0.57,-0.14
564,1,0.57,-0.17
565,1,0.57,-0.1
566,1,0.57,-0.36
567,3,0.57,19.79
568,1,0.57,-0.22
569,2,0.57,9.87
570,1,0.57,-0.31
571,1,0.57,-0.1
572,1,0.56,-0.07
573,1,0.56,-0.22
574,2,0.56,9.62
575,1,0.56,-0.15
576,1,0.56,-0.17
577,1,0.56,-0.09
578,1,0.56,-0.09
579,2,0.56,9.78
580,2,0.56,9.95
581,1,0.56,-0.15
582,1,0.56,-0.1
583,1,0.56,-0.11
584,1,0.56,-0.07
585,1,0.56,-0.19
586,1,0.56,-0.1
587,1,0.56,-0.19
588,1,0.56,-0.06
589,1,0.56,-0.1
590,1,0.55,-0.08
591,1,0.55,-0.15
592,2,0.55,9.9
593,1,0.55,-0.13
594,1,0.55,-0.06
595,1,0.55,-0.15
596,1,0.55,-0.29
597,1,0.55,-0.12
598,1,0.55,-0.17
599,2,0.55,9.98
600,1,0.55,-0.21
601,1,0.55,-0.1
602,3,0.55,19.91
603,1,0.55,-0.07
604,1,0.55,-0.07
605,1,0.55,-0.08
606,2,0.55,9.94
607,1,0.55,-0.28
608,2,0.54,9.9
609,1,0.54,-0.29
610,1,0.54,-0.2
611,1,0.54,-0.05
612,1,0.54,-0.04
613,1,0.54,-0.2
614,1,0.54,-0.09
615,1,0.54,-0.14
616,1,0.54,-0.16
617,1,0.54,-0.09
618,1,0.54,-0.15
619,1,0.54,-0.08
620,1,0.54,-0.1
621,1,0.54,-0.13
622,1,0.54,-0.07
623,1,0.54,-0.17
624,1,0.54,-0.1
625,1,0.54,-0.2
626,1,0.54,-0.11
627,1,0.53,-0.07
628,1,0.53,-0.23
629,2,0.53,9.86
630,1,0.53,-0.12
631,1,0.53,-0.06
632,1,0.53,-0.07
633,1,0.53,-0.1
634,1,0.53,-0.09
635,1,0.53,-0.06
636,1,0.53,-0.13
637,2,0.53,9.92
638,1,0.53,-0.22
639,1,0.53,-0.12
640,1,0.53,-0.1
641,1,0.53,-0.12
642,1,0.53,-0.12
643,1,0.53,-0.14
644,1,0.53,-0.28
645,1,0.53,-0.17
646,1,0.52,-0.19
647,1,0.52,-0.12
648,1,0.52,-0.17
649,1,0.52,-0.08
650,1,0.52,-0.19
651,1,0.52,-0.12
652,1,0.52,-0.24
653,1,0.52,-0.14
654,1,0.52,-0.3
655,1,0.52,-0.14
656,1,0.52,-0.21
657,1,0.52,-0.06
658,2,0.52,9.67
659,1,0.52,-0.11
660,2,0.52,9.89
661,1,0.52,-0.09
662,1,0.52,-0.19
663,1,0.52,-0.08
664,1,0.52,-0.17
665,1,0.51,-0.2
666,1,0.51,-0.08
667,1,0.51,-0.07
668,1,0.51,-0.13
669,1,0.51,-0.3
670,1,0.51,-0.16
671,1,0.51,-0.13
672,1,0.51,-0.12
673,1,0.51,-0.09
674,1,0.51,-0.08
675,1,0.51,-0.05
676,1,0.51,-0.21
677,1,0.51,-0.09
678,1,0.51,-0.22
679,1,0.51,-0.24
680,1,0.51,-0.05
681,1,0.51,-0.1
682,1,0.51,-0.16
683,1,0.51,-0.05
684,2,0.5,9.78
685,1,0.5,-0.07
686,1,0.5,-0.14
687,1,0.5,-0.27
688,1,0.5,-0.1
689,1,0.5,-0.22
690,2,0.5,9.86
691,1,0.5,-0.08
692,1,0.5,-0.08
693,2,0.5,9.93
694,1,0.5,-0.11
695,1,0.5,-0.09
696,1,0.5,-0.09
697,1,0.5,-0.1
698,1,0.5,-0.17
699,1,0.5,-0.18
700,1,0.5,-0.1
701,2,0.5,9.97
702,1,0.5,-0.24
703,2,0.5,9.89
704,1,0.49,-0.08
705,1,0.49,-0.1
706,1,0.49,-0.07
707,1,0.49,-0.07
708,1,0.49,-0.04
709,1,0.49,-0.13
710,1,0.49,-0.12
711,1,0.49,-0.12
712,1,0.49,-0.11
713,1,0.49,-0.22
714,2,0.49,9.89
715,1,0.49,-0.07
716,1,0.49,-0.2
717,1,0.49,-0.13
718,1,0.49,-0.12
719,1,0.49,-0.08
720,1,0.49,-0.12
721,1,0.49,-0.13
722,1,0.49,-0.18
723,2,0.49,9.92
724,1,0.49,-0.3
725,1,0.48,-0.1
726,1,0.48,-0.13
727,1,0.48,-0.25
728,1,0.48,-0.12
729,1,0.48,-0.12
730,1,0.48,-0.13
731,1,0.48,-0.07
732,1,0.48,-0.07
733,1,0.48,-0.07
734,1,0.48,-0.04
735,1,0.48,-0.16
736,1,0.48,-0.1
737,1,0.48,-0.13
738,1,0.48,-0.1
739,1,0.48,-0.08
740,1,0.48,-0.1
741,1,0.48,-0.19
742,2,0.48,9.92
743,1,0.48,-0.17
744,1,0.48,-0.12
745,1,0.48,-0.17
746,1,0.47,-0.09
747,1,0.47,-0.15
748,1,0.47,-0.1
749,1,0.47,-0.08
750,1,0.47,-0.15
751,1,0.47,-0.17
752,1,0.47,-0.13
753,1,0.47,-0.18
754,1,0.47,-0.1
755,1,0.47,-0.06
756,1,0.47,-0.11
757,1,0.47,-0.1
758,1,0.47,-0.26
759,1,0.47,-0.2
760,1,0.47,-0.07
761,1,0.47,-0.08
762,1,0.47,-0.15
763,1,0.47,-0.15
764,2,0.47,9.89
765,1,0.47,-0.07
766,1,0.47,-0.15
767,1,0.46,-0.05
768,1,0.46,-0.08
769,1,0.46,-0.09
770,1,0.46,-0.23
771,1,0.46,-0.11
772,1,0.46,-0.09
773,1,0.46,-0.05
774,2,0.46,9.99
775,2,0.46,9.87
776,1,0.46,-0.04
777,1,0.46,-0.19
778,1,0.46,-0.19
779,1,0.46,-0.13
780,1,0.46,-0.16
781,1,0.46,-0.12
782,1,0.46,-0.08
783,1,0.46,-0.11
784,1,0.46,-0.1
785,1,0.46,-0.08
786,1,0.46,-0.21
787,1,0.46,-0.1
788,1,0.46,-0.1
789,1,0.45,-0.08
790,1,0.45,-0.1
791,1,0.45,-0.17
792,2,0.45,9.96
793,1,0.45,-0.18
794,1,0.45,-0.1
795,1,0.45,-0.06
796,1,0.45,-0.09
797,1,0.45,-0.09
798,1,0.45,-0.09
799,1,0.45,-0.11
800,1,0.45,-0.07
801,1,0.45,-0.09
802,1,0.45,-0.05
803,1,0.45,-0.12
804,2,0.45,9.93
805,1,0.45,-0.07
806,1,0.45,-0.13
807,1,0.45,-0.08
808,1,0.45,-0.06
809,2,0.45,9.93
810,1,0.45,-0.19
811,1,0.44,-0.11
812,1,0.44,-0.09
813,1,0.44,-0.12
814,1,0.44,-0.11
815,1,0.44,-0.06
816,1,0.44,-0.06
817,1,0.44,-0.06
818,1,0.44,-0.1
819,1,0.44,-0.05
820,1,0.44,-0.16
821,1,0.44,-0.07
822,1,0.44,-0.1
823,1,0.44,-0.29
824,1,0.44,-0.13
825,1,0.44,-0.09
826,1,0.44,-0.06
827,1,0.44,-0.27
828,1,0.44,-0.13
829,2,0.44,9.92
830,1,0.44,-0.1
831,1,0.44,-0.07
832,2,0.44,9.89
833,1,0.43,-0.14
834,1,0.43,-0.09
835,1,0.43,-0.04
836,1,0.43,-0.08
837,1,0.43,-0.1
838,1,0.43,-0.15
839,1,0.43,-0.19
840,1,0.43,-0.15
841,2,0.43,9.87
842,1,0.43,-0.09
843,1,0.43,-0.18
844,1,0.43,-0.16
845,2,0.43,9.83
846,1,0.43,-0.06
847,1,0.43,-0.06
848,1,0.43,-0.07
849,1,0.43,-0.1
850,1,0.43,-0.07
851,1,0.43,-0.05
852,1,0.43,-0.07
853,2,0.43,9.89
854,1,0.43,-0.13
855,1,0.43,-0.15
856,1,0.43,-0.14
857,1,0.42,-0.07
858,1,0.42,-0.1
859,1,0.42,-0.15
860,1,0.42,-0.17
861,1,0.42,-0.12
862,1,0.42,-0.07
863,1,0.42,-0.34
864,1,0.42,-0.08
865,2,0.42,9.88
866,1,0.42,-0.06
867,2,0.42,9.88
868,1,0.42,-0.06
869,1,0.42,-0.11
870,1,0.42,-0.06
871,1,0.42,-0.2
872,1,0.42,-0.12
873,1,0.42,-0.11
874,1,0.42,-0.14
875,1,0.42,-0.11
876,1,0.42,-0.07
877,1,0.42,-0.07
878,1,0.42,-0.12
879,1,0.42,-0.07
880,1,0.42,-0.07
881,1,0.41,-0.09
882,1,0.41,-0.16
883,1,0.41,-0.15
884,1,0.41,-0.09
885,1,0.41,-0.06
886,1,0.41,-0.11
887,1,0.41,-0.1
888,1,0.41,-0.16
889,1,0.41,-0.13
890,1,0.41,-0.08
891,1,0.41,-0.12
892,2,0.41,9.84
893,1,0.41,-0.11
894,1,0.41,-0.06
895,1,0.41,-0.1
896,1,0.41,-0.1
897,1,0.41,-0.12
898,1,0.41,-0.09
899,1,0.41,-0.14
900,1,0.41,-0.09
901,1,0.41,-0.07
902,1,0.41,-0.1
903,1,0.41,-0.17
904,1,0.41,-0.1
905,1,0.4,-0.12
906,1,0.4,-0.12
907,1,0.4,-0.12
908,1,0.4,-0.08
909,1,0.4,-0.09
910,1,0.4,-0.09
911,2,0.4,9.98
912,1,0.4,-0.15
913,1,0.4,-0.11
914,1,0.4,-0.1
915,1,0.4,-0.06
916,1,0.4,-0.13
917,1,0.4,-0.16
918,1,0.4,-0.12
919,1,0.4,-0.08
920,1,0.4,-0.09
921,1,0.4,-0.14
922,1,0.4,-0.11
923,1,0.4,-0.16
924,1,0.4,-0.13
925,2,0.4,9.92
926,1,0.4,-0.07
927,1,0.4,-0.09
928,1,0.4,-0.15
929,1,0.4,-0.09
930,1,0.39,-0.15
931,1,0.39,-0.09
932,1,0.39,-0.08
933,1,0.39,-0.11
934,1,0.39,-0.13
935,1,0.39,-0.24
936,2,0.39,9.93
937,1,0.39,-0.06
938,1,0.39,-0.1
939,1,0.39,-0.12
940,1,0.39,-0.06
941,1,0.39,-0.09
942,1,0.39,-0.14
943,1,0.39,-0.11
944,1,0.39,-0.18
945,1,0.39,-0.11
946,1,0.39,-0.14
947,1,0.39,-0.05
948,1,0.39,-0.09
949,1,0.39,-0.07
950,1,0.39,-0.05
951,1,0.39,-0.15
952,1,0.39,-0.05
953,1,0.39,-0.08
954,1,0.39,-0.06
955,1,0.39,-0.22
956,1,0.38,-0.05
957,1,0.38,-0.12
958,1,0.38,-0.08
959,1,0.38,-0.11
960,1,0.38,-0.05
961,1,0.38,-0.13
962,1,0.38,-0.07
963,1,0.38,-0.1
964,1,0.38,-0.06
965,1,0.38,-0.14
966,1,0.38,-0.07
967,2,0.38,9.94
968,1,0.38,-0.14
969,1,0.38,-0.13
970,1,0.38,-0.05
971,1,0.38,-0.08
972,1,0.38,-0.07
973,1,0.38,-0.1
974,1,0.38,-0.08
975,1,0.38,-0.09
976,1,0.38,-0.05
977,1,0.38,-0.09
978,1,0.38,-0.29
979,1,0.38,-0.07
980,1,0.38,-0.08
981,1,0.38,-0.17
982,1,0.37,-0.09
983,1,0.37,-0.11
984,1,0.37,-0.07
985,1,0.37,-0.11
986,1,0.37,-0.18
987,1,0.37,-0.06
988,1,0.37,-0.05
989,1,0.37,-0.17
990,1,0.37,-0.1
991,1,0.37,-0.12
992,1,0.37,-0.12
993,1,0.37,-0.12
994,1,0.37,-0.19
995,1,0.37,-0.06
996,1,0.37,-0.06
997,1,0.37,-0.15
998,1,0.37,-0.16
999,1,0.37,-0.1
1000,2,0.37,10
1001,1,0.37,-0.17
1002,1,0.37,-0.05
1003,1,0.37,-0.07
1004,1,0.37,-0.25
1005,1,0.37,-0.07
1006,1,0.37,-0.05
1007,1,0.37,-0.14
1008,1,0.37,-0.12
1009,1,0.36,-0.05
1010,2,0.36,9.88
1011,1,0.36,-0.18
1012,1,0.36,-0.1
1013,1,0.36,-0.19
1014,2,0.36,9.91
1015,1,0.36,-0.17
1016,1,0.36,-0.08
1017,2,0.36,9.97
1018,2,0.36,9.98
1019,1,0.36,-0.08
1020,1,0.36,-0.09
1021,1,0.36,-0.06
1022,1,0.36,-0.11
1023,1,0.36,-0.07
1024,1,0.36,-0.22
1025,1,0.36,-0.06
1026,2,0.36,9.89
1027,1,0.36,-0.12
1028,1,0.36,-0.11
1029,1,0.36,-0.13
1030,1,0.36,-0.08
1031,1,0.36,-0.08
1032,1,0.36,-0.16
1033,1,0.36,-0.09
1034,1,0.36,-0.07
1035,1,0.36,-0.05
1036,1,0.36,-0.13
1037,1,0.35,-0.13
1038,1,0.35,-0.1
1039,1,0.35,-0.07
1040,1,0.35,-0.1
1041,1,0.35,-0.08
1042,1,0.35,-0.04
1043,1,0.35,-0.08
1044,1,0.35,-0.06
1045,1,0.35,-0.1
1046,1,0.35,-0.09
1047,1,0.35,-0.06
1048,1,0.35,-0.11
1049,1,0.35,-0.09
1050,1,0.35,-0.07
1051,1,0.35,-0.14
1052,1,0.35,-0.11
1053,1,0.35,-0.06
1054,1,0.35,-0.08
1055,1,0.35,-0.11
1056,1,0.35,-0.08
1057,1,0.35,-0.11
1058,1,0.35,-0.06
1059,1,0.35,-0.1
1060,1,0.35,-0.06
1061,1,0.35,-0.06
1062,1,0.35,-0.08
1063,1,0.35,-0.06
1064,1,0.35,-0.14
1065,1,0.34,-0.13
1066,1,0.34,-0.07
1067,1,0.34,-0.18
1068,1,0.34,-0.23
1069,1,0.34,-0.09
1070,1,0.34,-0.07
1071,1,0.34,-0.12
1072,1,0.34,-0.1
1073,1,0.34,-0.14
1074,1,0.34,-0.06
1075,1,0.34,-0.06
1076,1,0.34,-0.05
1077,1,0.34,-0.12
1078,1,0.34,-0.05
1079,1,0.34,-0.06
1080,1,0.34,-0.08
1081,1,0.34,-0.09
1082,1,0.34,-0.19
1083,1,0.34,-0.07
1084,1,0.34,-0.11
1085,1,0.34,-0.17
1086,1,0.34,-0.1
1087,2,0.34,9.95
1088,1,0.34,-0.07
1089,2,0.34,9.97
1090,1,0.34,-0.09
1091,1,0.34,-0.1
1092,1,0.34,-0.06
1093,1,0.34,-0.15
1094,1,0.34,-0.08
1095,1,0.33,-0.14
1096,3,0.33,19.94
1097,1,0.33,-0.14
1098,1,0.33,-0.12
1099,1,0.33,-0.14
1100,1,0.33,-0.07
1101,1,0.33,-0.05
1102,1,0.33,-0.06
1103,1,0.33,-0.12
1104,1,0.33,-0.06
1105,1,0.33,-0.06
1106,1,0.33,-0.11
1107,1,0.33,-0.05
1108,1,0.33,-0.21
1109,1,0.33,-0.11
1110,1,0.33,-0.05
1111,1,0.33,-0.15
1112,1,0.33,-0.13
1113,1,0.33,-0.07
1114,1,0.33,-0.13
1115,1,0.33,-0.19
1116,1,0.33,-0.07
1117,1,0.33,-0.06
1118,1,0.33,-0.08
1119,1,0.33,-0.11
1120,1,0.33,-0.16
1121,1,0.33,-0.05
1122,1,0.33,-0.05
1123,1,0.33,-0.08
1124,1,0.33,-0.15
1125,1,0.32,-0.07
1126,1,0.32,-0.05
1127,1,0.32,-0.11
1128,1,0.32,-0.06
1129,1,0.32,-0.11
1130,2,0.32,9.94
1131,2,0.32,9.93
1132,1,0.32,-0.1
1133,1,0.32,-0.17
1134,1,0.32,-0.11
1135,1,0.32,-0.09
1136,1,0.32,-0.11
1137,1,0.32,-0.09
1138,1,0.32,-0.19
1139,1,0.32,-0.14
1140,1,0.32,-0.06
1141,2,0.32,9.96
1142,1,0.32,-0.1
1143,1,0.32,-0.08
1144,1,0.32,-0.05
1145,1,0.32,-0.14
1146,1,0.32,-0.1
1147,1,0.32,-0.11
1148,1,0.32,-0.06
1149,1,0.32,-0.1
1150,1,0.32,-0.13
1151,1,0.32,-0.07
1152,1,0.32,-0.11
1153,1,0.32,-0.05
1154,1,0.32,-0.06
1155,1,0.32,-0.1
1156,1,0.31,-0.09
1157,1,0.31,-0.08
1158,1,0.31,-0.1
1159,1,0.31,-0.12
1160,1,0.31,-0.09
1161,1,0.31,-0.06
1162,1,0.31,-0.08
1163,1,0.31,-0.11
1164,1,0.31,-0.11
1165,1,0.31,-0.1
1166,2,0.31,9.96
1167,1,0.31,-0.08
1168,1,0.31,-0.05
1169,1,0.31,-0.09
1170,1,0.31,-0.19
1171,1,0.31,-0.1
1172,1,0.31,-0.07
1173,1,0.31,-0.12
1174,1,0.31,-0.05
1175,1,0.31,-0.06
1176,1,0.31,-0.1
1177,1,0.31,-0.15
1178,1,0.31,-0.12
1179,1,0.31,-0.07
1180,1,0.31,-0.09
1181,1,0.31,-0.08
1182,1,0.31,-0.06
1183,1,0.31,-0.13
1184,1,0.31,-0.05
1185,1,0.31,-0.16
1186,1,0.31,-0.07
1187,1,0.31,-0.06
1188,1,0.3,-0.06
1189,1,0.3,-0.04
1190,1,0.3,-0.12
1191,1,0.3,-0.04
1192,1,0.3,-0.06
1193,1,0.3,-0.07
1194,1,0.3,-0.06
1195,1,0.3,-0.14
1196,2,0.3,9.9
1197,1,0.3,-0.04
1198,1,0.3,-0.04
1199,1,0.3,-0.07
1200,1,0.3,-0.12
1201,1,0.3,-0.05
1202,1,0.3,-0.1
1203,1,0.3,-0.1
1204,1,0.3,-0.06
1205,1,0.3,-0.14
1206,1,0.3,-0.09
1207,1,0.3,-0.05
1208,1,0.3,-0.11
1209,1,0.3,-0.07
1210,1,0.3,-0.08
1211,1,0.3,-0.09
1212,1,0.3,-0.06
1213,1,0.3,-0.15
1214,1,0.3,-0.04
1215,1,0.3,-0.09
1216,1,0.3,-0.08
1217,1,0.3,-0.13
1218,1,0.3,-0.11
1219,1,0.3,-0.07
1220,1,0.3,-0.1
1221,1,0.3,-0.05
1222,1,0.29,-0.05
1223,1,0.29,-0.05
1224,1,0.29,-0.11
1225,1,0.29,-0.09
1226,1,0.29,-0.06
1227,1,0.29,-0.06
1228,1,0.29,-0.07
1229,1,0.29,-0.09
1230,1,0.29,-0.05
1231,1,0.29,-0.15
1232,1,0.29,-0.1
1233,1,0.29,-0.12
1234,2,0.29,9.98
1235,1,0.29,-0.05
1236,1,0.29,-0.14
1237,1,0.29,-0.08
1238,1,0.29,-0.08
1239,1,0.29,-0.08
1240,1,0.29,-0.07
1241,1,0.29,-0.06
1242,1,0.29,-0.13
1243,1,0.29,-0.08
1244,1,0.29,-0.12
1245,1,0.29,-0.07
1246,1,0.29,-0.07
1247,1,0.29,-0.05
1248,1,0.29,-0.05
1249,1,0.29,-0.09
1250,1,0.29,-0.09
1251,1,0.29,-0.1
1252,1,0.29,-0.11
1253,1,0.29,-0.07
1254,1,0.29,-0.07
1255,1,0.29,-0.16
1256,1,0.28,-0.07
1257,1,0.28,-0.14
1258,1,0.28,-0.05
1259,1,0.28,-0.12
1260,1,0.28,-0.12
1261,1,0.28,-0.05
1262,1,0.28,-0.04
1263,1,0.28,-0.11
1264,1,0.28,-0.12
1265,1,0.28,-0.06
1266,1,0.28,-0.04
1267,1,0.28,-0.09
1268,1,0.28,-0.06
1269,1,0.28,-0.09
1270,1,0.28,-0.07
1271,1,0.28,-0.06
1272,1,0.28,-0.15
1273,1,0.28,-0.07
1274,1,0.28,-0.09
1275,1,0.28,-0.15
1276,1,0.28,-0.08
1277,1,0.28,-0.04
1278,1,0.28,-0.05
1279,1,0.28,-0.05
1280,1,0.28,-0.17
1281,1,0.28,-0.06
1282,1,0.28,-0.08
1283,1,0.28,-0.11
1284,1,0.28,-0.18
1285,2,0.28,9.95
1286,1,0.28,-0.07
1287,1,0.28,-0.08
1288,1,0.28,-0.09
1289,1,0.28,-0.05
1290,1,0.28,-0.05
1291,1,0.28,-0.12
1292,1,0.27,-0.08
1293,1,0.27,-0.07
1294,1,0.27,-0.08
1295,1,0.27,-0.11
1296,2,0.27,9.81
1297,1,0.27,-0.06
1298,1,0.27,-0.1
1299,1,0.27,-0.04
1300,1,0.27,-0.06
1301,1,0.27,-0.13
1302,1,0.27,-0.06
1303,1,0.27,-0.14
1304,1,0.27,-0.08
1305,1,0.27,-0.13
1306,1,0.27,-0.09
1307,1,0.27,-0.06
1308,1,0.27,-0.05
1309,1,0.27,-0.11
1310,1,0.27,-0.09
1311,1,0.27,-0.11
1312,1,0.27,-0.04
1313,1,0.27,-0.08
1314,1,0.27,-0.11
1315,1,0.27,-0.1
1316,1,0.27,-0.05
1317,1,0.27,-0.05
1318,1,0.27,-0.08
1319,1,0.27,-0.15
1320,1,0.27,-0.07
1321,1,0.27,-0.06
1322,1,0.27,-0.06
1323,1,0.27,-0.1
1324,1,0.27,-0.09
1325,1,0.27,-0.06
1326,1,0.27,-0.07
1327,1,0.27,-0.11
1328,1,0.27,-0.1
1329,1,0.26,-0.11
1330,1,0.26,-0.16
1331,1,0.26,-0.07
1332,1,0.26,-0.08
1333,1,0.26,-0.08
1334,1,0.26,-0.1
1335,1,0.26,-0.05
1336,1,0.26,-0.08
1337,1,0.26,-0.09
1338,1,0.26,-0.08
1339,1,0.26,-0.05
1340,1,0.26,-0.06
1341,1,0.26,-0.08
1342,1,0.26,-0.05
1343,1,0.26,-0.12
1344,1,0.26,-0.1
1345,1,0.26,-0.08
1346,1,0.26,-0.04
1347,1,0.26,-0.09
1348,1,0.26,-0.07
1349,1,0.26,-0.07
1350,1,0.26,-0.05
1351,1,0.26,-0.08
1352,1,0.26,-0.12
1353,1,0.26,-0.08
1354,1,0.26,-0.07
1355,1,0.26,-0.05
1356,1,0.26,-0.12
1357,1,0.26,-0.1
1358,1,0.26,-0.07
1359,1,0.26,-0.05
1360,1,0.26,-0.06
1361,1,0.26,-0.12
1362,1,0.26,-0.08
1363,1,0.26,-0.08
1364,1,0.26,-0.05
1365,1,0.26,-0.1
1366,1,0.26,-0.06
1367,1,0.25,-0.06
1368,1,0.25,-0.09
1369,1,0.25,-0.08
1370,1,0.25,-0.13
1371,1,0.25,-0.04
1372,1,0.25,-0.08
1373,1,0.25,-0.09
1374,1,0.25,-0.09
1375,1,0.25,-0.08
1376,1,0.25,-0.05
1377,1,0.25,-0.07
1378,1,0.25,-0.06
1379,1,0.25,-0.06
1380,1,0.25,-0.13
1381,1,0.25,-0.05
1382,1,0.25,-0.1
1383,1,0.25,-0.11
1384,1,0.25,-0.11
1385,1,0.25,-0.04
1386,1,0.25,-0.12
1387,1,0.25,-0.07
1388,1,0.25,-0.07
1389,1,0.25,-0.05
1390,1,0.25,-0.09
1391,1,0.25,-0.05
1392,1,0.25,-0.04
1393,1,0.25,-0.12
1394,1,0.25,-0.05
1395,1,0.25,-0.07
1396,1,0.25,-0.11
1397,1,0.25,-0.1
1398,1,0.25,-0.15
1399,1,0.25,-0.1
1400,1,0.25,-0.14
1401,2,0.25,9.98
1402,2,0.25,9.85
1403,1,0.25,-0.08
1404,1,0.25,-0.07
1405,1,0.25,-0.06
1406,1,0.25,-0.08
1407,1,0.24,-0.08
1408,1,0.24,-0.05
1409,1,0.24,-0.1
1410,1,0.24,-0.05
1411,1,0.24,-0.06
1412,1,0.24,-0.11
1413,1,0.24,-0.05
1414,1,0.24,-0.12
1415,1,0.24,-0.05
1416,1,0.24,-0.08
1417,1,0.24,-0.05
1418,1,0.24,-0.09
1419,1,0.24,-0.06
1420,1,0.24,-0.12
1421,1,0.24,-0.11
1422,1,0.24,-0.08
1423,1,0.24,-0.05
1424,1,0.24,-0.05
1425,1,0.24,-0.04
1426,1,0.24,-0.11
1427,1,0.24,-0.11
1428,1,0.24,-0.07
1429,1,0.24,-0.06
1430,1,0.24,-0.05
1431,1,0.24,-0.09
1432,1,0.24,-0.12
1433,1,0.24,-0.04
1434,1,0.24,-0.11
1435,1,0.24,-0.07
1436,1,0.24,-0.06
1437,1,0.24,-0.05
1438,1,0.24,-0.06
1439,1,0.24,-0.11
1440,1,0.24,-0.07
1441,1,0.24,-0.07
1442,1,0.24,-0.06
1443,1,0.24,-0.13
1444,1,0.24,-0.07
1445,1,0.24,-0.09
1446,2,0.24,9.93
1447,1,0.24,-0.11
1448,1,0.24,-0.06
1449,1,0.23,-0.15
1450,1,0.23,-0.09
1451,1,0.23,-0.1
1452,1,0.23,-0.08
1453,1,0.23,-0.07
1454,1,0.23,-0.07
1455,1,0.23,-0.1
1456,1,0.23,-0.07
1457,1,0.23,-0.06
1458,1,0.23,-0.04
1459,1,0.23,-0.08
1460,1,0.23,-0.18
1461,1,0.23,-0.11
1462,2,0.23,9.96
1463,1,0.23,-0.07
1464,1,0.23,-0.06
1465,1,0.23,-0.07
1466,1,0.23,-0.06
1467,1,0.23,-0.06
1468,1,0.23,-0.08
1469,1,0.23,-0.1
1470,1,0.23,-0.04
1471,1,0.23,-0.15
1472,1,0.23,-0.11
1473,1,0.23,-0.09
1474,1,0.23,-0.07
1475,1,0.23,-0.09
1476,1,0.23,-0.05
1477,1,0.23,-0.05
1478,1,0.23,-0.07
1479,1,0.23,-0.18
1480,1,0.23,-0.04
1481,1,0.23,-0.12
1482,1,0.23,-0.05
1483,1,0.23,-0.05
1484,1,0.23,-0.05
1485,1,0.23,-0.1
1486,1,0.23,-0.06
1487,1,0.23,-0.12
1488,1,0.23,-0.1
1489,1,0.23,-0.07
1490,1,0.23,-0.08
1491,1,0.23,-0.07
1492,1,0.22,-0.05
1493,1,0.22,-0.06
1494,1,0.22,-0.16
1495,1,0.22,-0.11
1496,1,0.22,-0.04
1497,1,0.22,-0.09
1498,2,0.22,9.97
1499,1,0.22,-0.06
1500,1,0.22,-0.08
1501,1,0.22,-0.06
1502,1,0.22,-0.08
1503,1,0.22,-0.15
1504,1,0.22,-0.06
1505,1,0.22,-0.06
1506,1,0.22,-0.16
1507,1,0.22,-0.05
1508,1,0.22,-0.05
1509,1,0.22,-0.05
1510,1,0.22,-0.06
1511,1,0.22,-0.1
1512,1,0.22,-0.08
1513,1,0.22,-0.09
1514,1,0.22,-0.09
1515,1,0.22,-0.06
1516,1,0.22,-0.09
1517,1,0.22,-0.09
1518,1,0.22,-0.08
1519,1,0.22,-0.05
1520,1,0.22,-0.04
1521,1,0.22,-0.07
1522,1,0.22,-0.13
1523,1,0.22,-0.11
1524,1,0.22,-0.15
1525,1,0.22,-0.06
1526,1,0.22,-0.07
1527,1,0.22,-0.06
1528,1,0.22,-0.08
1529,1,0.22,-0.06
1530,1,0.22,-0.05
1531,1,0.22,-0.05
1532,1,0.22,-0.05
1533,1,0.22,-0.11
1534,1,0.22,-0.09
1535,1,0.22,-0.07
1536,1,0.22,-0.07
1537,1,0.22,-0.06
1538,1,0.21,-0.05
1539,1,0.21,-0.05
1540,1,0.21,-0.07
1541,1,0.21,-0.05
1542,1,0.21,-0.08
1543,1,0.21,-0.08
1544,1,0.21,-0.08
1545,2,0.21,9.82
1546,1,0.21,-0.04
1547,1,0.21,-0.08
1548,2,0.21,9.94
1549,1,0.21,-0.07
1550,1,0.21,-0.14
1551,1,0.21,-0.07
1552,1,0.21,-0.06
1553,1,0.21,-0.08
1554,1,0.21,-0.06
1555,1,0.21,-0.13
1556,1,0.21,-0.08
1557,1,0.21,-0.09
1558,1,0.21,-0.07
1559,1,0.21,-0.06
1560,1,0.21,-0.11
1561,1,0.21,-0.17
1562,1,0.21,-0.04
1563,1,0.21,-0.09
1564,1,0.21,-0.04
1565,1,0.21,-0.07
1566,1,0.21,-0.05
1567,1,0.21,-0.07
1568,1,0.21,-0.06
1569,1,0.21,-0.07
1570,1,0.21,-0.07
1571,1,0.21,-0.06
1572,1,0.21,-0.06
1573,1,0.21,-0.09
1574,1,0.21,-0.13
1575,1,0.21,-0.1
1576,1,0.21,-0.07
1577,1,0.21,-0.06
1578,1,0.21,-0.05
1579,1,0.21,-0.1
1580,1,0.21,-0.09
1581,1,0.21,-0.06
1582,1,0.21,-0.09
1583,1,0.21,-0.05
1584,1,0.21,-0.05
1585,1,0.2,-0.06
1586,1,0.2,-0.05
1587,1,0.2,-0.08
1588,1,0.2,-0.05
1589,1,0.2,-0.04
1590,1,0.2,-0.05
1591,1,0.2,-0.06
1592,1,0.2,-0.08
1593,1,0.2,-0.08
1594,1,0.2,-0.06
1595,1,0.2,-0.07
1596,1,0.2,-0.06
1597,1,0.2,-0.08
1598,1,0.2,-0.1
1599,1,0.2,-0.11
1600,1,0.2,-0.06
1601,1,0.2,-0.08
1602,1,0.2,-0.07
1603,1,0.2,-0.04
1604,1,0.2,-0.04
1605,1,0.2,-0.09
1606,1,0.2,-0.05
1607,1,0.2,-0.06
1608,1,0.2,-0.04
1609,1,0.2,-0.04
1610,1,0.2,-0.11
1611,1,0.2,-0.07
1612,1,0.2,-0.07
1613,1,0.2,-0.04
1614,1,0.2,-0.05
1615,1,0.2,-0.1
1616,1,0.2,-0.09
1617,1,0.2,-0.11
1618,1,0.2,-0.06
1619,1,0.2,-0.07
1620,1,0.2,-0.05
1621,1,0.2,-0.05
1622,1,0.2,-0.08
1623,1,0.2,-0.07
1624,1,0.2,-0.09
1625,1,0.2,-0.05
1626,1,0.2,-0.04
1627,1,0.2,-0.06
1628,1,0.2,-0.08
1629,1,0.2,-0.06
1630,1,0.2,-0.06
1631,1,0.2,-0.05
1632,1,0.2,-0.05
1633,1,0.2,-0.05
1634,1,0.2,-0.05
1635,1,0.19,-0.06
1636,1,0.19,-0.14
1637,1,0.19,-0.05
1638,1,0.19,-0.06
1639,1,0.19,-0.1
1640,1,0.19,-0.07
1641,1,0.19,-0.05
1642,1,0.19,-0.06
1643,1,0.19,-0.05
1644,1,0.19,-0.05
1645,1,0.19,-0.09
1646,1,0.19,-0.06
1647,1,0.19,-0.08
1648,1,0.19,-0.11
1649,1,0.19,-0.05
1650,1,0.19,-0.07
1651,1,0.19,-0.11
1652,1,0.19,-0.08
1653,1,0.19,-0.06
1654,1,0.19,-0.11
1655,1,0.19,-0.04
1656,1,0.19,-0.06
1657,1,0.19,-0.08
1658,1,0.19,-0.06
1659,1,0.19,-0.06
1660,1,0.19,-0.06
1661,1,0.19,-0.05
1662,1,0.19,-0.05
1663,1,0.19,-0.05
1664,1,0.19,-0.13
1665,1,0.19,-0.1
1666,1,0.19,-0.08
1667,1,0.19,-0.05
1668,1,0.19,-0.1
1669,1,0.19,-0.08
1670,1,0.19,-0.08
1671,1,0.19,-0.05
1672,2,0.19,10
1673,1,0.19,-0.05
1674,1,0.19,-0.05
1675,1,0.19,-0.11
1676,1,0.19,-0.11
1677,1,0.19,-0.09
1678,1,0.19,-0.1
1679,1,0.19,-0.05
1680,1,0.19,-0.11
1681,1,0.19,-0.06
1682,1,0.19,-0.08
1683,1,0.19,-0.06
1684,1,0.19,-0.09
1685,1,0.19,-0.04
1686,1,0.19,-0.05
1687,1,0.19,-0.08
1688,1,0.18,-0.06
1689,1,0.18,-0.07
1690,2,0.18,9.99
1691,1,0.18,-0.08
1692,2,0.18,9.92
1693,1,0.18,-0.06
1694,1,0.18,-0.07
1695,1,0.18,-0.09
1696,1,0.18,-0.1
1697,1,0.18,-0.07
1698,1,0.18,-0.09
1699,1,0.18,-0.04
1700,1,0.18,-0.07
1701,1,0.18,-0.08
1702,1,0.18,-0.07
1703,1,0.18,-0.05
1704,1,0.18,-0.07
1705,1,0.18,-0.06
1706,1,0.18,-0.08
1707,1,0.18,-0.07
1708,1,0.18,-0.06
1709,1,0.18,-0.09
1710,1,0.18,-0.07
1711,1,0.18,-0.05
1712,1,0.18,-0.09
1713,1,0.18,-0.07
1714,1,0.18,-0.13
1715,1,0.18,-0.11
1716,1,0.18,-0.13
1717,1,0.18,-0.05
1718,1,0.18,-0.05
1719,1,0.18,-0.07
1720,1,0.18,-0.04
1721,1,0.18,-0.05
1722,1,0.18,-0.1
1723,1,0.18,-0.08
1724,1,0.18,-0.1
1725,1,0.18,-0.05
1726,1,0.18,-0.07
1727,1,0.18,-0.16
1728,1,0.18,-0.08
1729,1,0.18,-0.05
1730,1,0.18,-0.06
1731,1,0.18,-0.11
1732,1,0.18,-0.08
1733,1,0.18,-0.07
1734,1,0.18,-0.09
1735,1,0.18,-0.14
1736,1,0.18,-0.06
1737,1,0.18,-0.04
1738,1,0.18,-0.05
1739,1,0.18,-0.08
1740,1,0.18,-0.11
1741,1,0.18,-0.05
1742,1,0.18,-0.08
1743,1,0.18,-0.04
1744,1,0.17,-0.08
1745,1,0.17,-0.08
1746,1,0.17,-0.08
1747,1,0.17,-0.09
1748,1,0.17,-0.06
1749,1,0.17,-0.15
1750,1,0.17,-0.05
1751,1,0.17,-0.06
1752,1,0.17,-0.04
1753,1,0.17,-0.04
1754,1,0.17,-0.11
1755,1,0.17,-0.06
1756,1,0.17,-0.05
1757,1,0.17,-0.05
1758,1,0.17,-0.07
1759,1,0.17,-0.07
1760,1,0.17,-0.11
1761,1,0.17,-0.06
1762,1,0.17,-0.07
1763,1,0.17,-0.12
1764,1,0.17,-0.05
1765,1,0.17,-0.09
1766,1,0.17,-0.08
1767,1,0.17,-0.04
1768,1,0.17,-0.04
1769,1,0.17,-0.04
1770,1,0.17,-0.06
1771,1,0.17,-0.08
1772,1,0.17,-0.06
1773,1,0.17,-0.07
1774,1,0.17,-0.11
1775,1,0.17,-0.07
1776,1,0.17,-0.04
1777,1,0.17,-0.04
1778,1,0.17,-0.05
1779,1,0.17,-0.05
1780,1,0.17,-0.05
1781,1,0.17,-0.12
1782,1,0.17,-0.11
1783,1,0.17,-0.12
1784,1,0.17,-0.11
1785,1,0.17,-0.05
1786,1,0.17,-0.06
1787,1,0.17,-0.04
1788,1,0.17,-0.05
1789,1,0.17,-0.09
1790,1,0.17,-0.11
1791,1,0.17,-0.08
1792,1,0.17,-0.08
1793,1,0.17,-0.04
1794,1,0.17,-0.05
1795,1,0.17,-0.07
1796,1,0.17,-0.07
1797,1,0.17,-0.09
1798,1,0.17,-0.06
1799,1,0.17,-0.05
1800,1,0.17,-0.07
1801,1,0.17,-0.11
1802,1,0.16,-0.09
1803,1,0.16,-0.09
1804,2,0.16,9.97
1805,1,0.16,-0.04
1806,1,0.16,-0.09
1807,1,0.16,-0.06
1808,1,0.16,-0.11
1809,1,0.16,-0.11
1810,1,0.16,-0.08
1811,1,0.16,-0.06
1812,1,0.16,-0.06
1813,1,0.16,-0.09
1814,1,0.16,-0.1
1815,1,0.16,-0.1
1816,1,0.16,-0.05
1817,1,0.16,-0.05
1818,1,0.16,-0.11
1819,1,0.16,-0.06
1820,1,0.16,-0.07
1821,1,0.16,-0.09
1822,1,0.16,-0.1
1823,1,0.16,-0.05
1824,1,0.16,-0.1
1825,1,0.16,-0.09
1826,2,0.16,9.94
1827,1,0.16,-0.06
1828,1,0.16,-0.09
1829,1,0.16,-0.07
1830,1,0.16,-0.06
1831,1,0.16,-0.06
1832,1,0.16,-0.07
1833,1,0.16,-0.04
1834,1,0.16,-0.05
1835,1,0.16,-0.05
1836,1,0.16,-0.08
1837,1,0.16,-0.1
1838,1,0.16,-0.04
1839,1,0.16,-0.09
1840,1,0.16,-0.1
1841,1,0.16,-0.07
1842,1,0.16,-0.08
1843,1,0.16,-0.04
1844,1,0.16,-0.06
1845,1,0.16,-0.1
1846,1,0.16,-0.09
1847,1,0.16,-0.05
1848,1,0.16,-0.1
1849,1,0.16,-0.09
1850,1,0.16,-0.09
1851,1,0.16,-0.07
1852,1,0.16,-0.04
1853,1,0.16,-0.09
1854,1,0.16,-0.06
1855,1,0.16,-0.05
1856,1,0.16,-0.06
1857,1,0.16,-0.11
1858,1,0.16,-0.05
1859,1,0.16,-0.05
1860,1,0.16,-0.06
1861,1,0.16,-0.06
1862,1,0.16,-0.09
1863,1,0.16,-0.12
1864,1,0.16,-0.06
1865,2,0.15,9.97
1866,1,0.15,-0.05
1867,1,0.15,-0.05
1868,1,0.15,-0.04
1869,1,0.15,-0.05
1870,2,0.15,9.94
1871,1,0.15,-0.08
1872,1,0.15,-0.07
1873,1,0.15,-0.1
1874,1,0.15,-0.08
1875,1,0.15,-0.05
1876,1,0.15,-0.04
1877,1,0.15,-0.06
1878,1,0.15,-0.08
1879,1,0.15,-0.09
1880,1,0.15,-0.04
1881,1,0.15,-0.09
1882,1,0.15,-0.06
1883,1,0.15,-0.08
1884,1,0.15,-0.11
1885,1,0.15,-0.04
1886,1,0.15,-0.04
1887,1,0.15,-0.07
1888,1,0.15,-0.11
1889,1,0.15,-0.1
1890,1,0.15,-0.12
1891,1,0.15,-0.06
1892,1,0.15,-0.05
1893,1,0.15,-0.08
1894,1,0.15,-0.08
1895,1,0.15,-0.1
1896,1,0.15,-0.11
1897,1,0.15,-0.05
1898,1,0.15,-0.05
1899,1,0.15,-0.07
1900,1,0.15,-0.08
1901,1,0.15,-0.07
1902,1,0.15,-0.05
1903,1,0.15,-0.08
1904,1,0.15,-0.06
1905,1,0.15,-0.09
1906,1,0.15,-0.1
1907,1,0.15,-0.08
1908,1,0.15,-0.09
1909,1,0.15,-0.07
1910,1,0.15,-0.07
1911,1,0.15,-0.08
1912,1,0.15,-0.09
1913,1,0.15,-0.11
1914,1,0.15,-0.07
1915,1,0.15,-0.1
1916,1,0.15,-0.05
1917,1,0.15,-0.11
1918,1,0.15,-0.05
1919,1,0.15,-0.05
1920,1,0.15,-0.06
1921,1,0.15,-0.04
1922,1,0.15,-0.11
1923,1,0.15,-0.05
1924,1,0.15,-0.08
1925,1,0.15,-0.06
1926,1,0.15,-0.06
1927,1,0.15,-0.05
1928,1,0.15,-0.13
1929,1,0.15,-0.04
1930,1,0.15,-0.14
1931,1,0.15,-0.06
1932,1,0.14,-0.06
1933,1,0.14,-0.08
1934,1,0.14,-0.06
1935,1,0.14,-0.13
1936,1,0.14,-0.05
1937,1,0.14,-0.05
1938,1,0.14,-0.07
1939,1,0.14,-0.06
1940,1,0.14,-0.09
1941,1,0.14,-0.06
1942,1,0.14,-0.09
1943,1,0.14,-0.08
1944,1,0.14,-0.08
1945,1,0.14,-0.06
1946,1,0.14,-0.06
1947,1,0.14,-0.09
1948,1,0.14,-0.05
1949,2,0.14,9.92
1950,1,0.14,-0.06
1951,1,0.14,-0.07
1952,1,0.14,-0.07
1953,1,0.14,-0.09
1954,1,0.14,-0.08
1955,1,0.14,-0.14
1956,1,0.14,-0.07
1957,1,0.14,-0.05
1958,1,0.14,-0.07
1959,1,0.14,-0.09
1960,1,0.14,-0.06
1961,1,0.14,-0.12
1962,1,0.14,-0.04
1963,1,0.14,-0.13
1964,1,0.14,-0.07
1965,1,0.14,-0.07
1966,1,0.14,-0.08
1967,1,0.14,-0.05
1968,1,0.14,-0.07
1969,1,0.14,-0.08
1970,1,0.14,-0.08
1971,1,0.14,-0.05
1972,1,0.14,-0.09
1973,1,0.14,-0.1
1974,1,0.14,-0.05
1975,1,0.14,-0.05
1976,1,0.14,-0.09
1977,1,0.14,-0.06
1978,1,0.14,-0.07
1979,1,0.14,-0.05
1980,1,0.14,-0.11
1981,1,0.14,-0.05
1982,1,0.14,-0.06
1983,1,0.14,-0.08
1984,1,0.14,-0.11
1985,1,0.14,-0.09
1986,1,0.14,-0.07
1987,1,0.14,-0.04
1988,1,0.14,-0.04
1989,1,0.14,-0.09
1990,1,0.14,-0.09
1991,1,0.14,-0.06
1992,1,0.14,-0.08
1993,1,0.14,-0.05
1994,1,0.14,-0.06
1995,1,0.14,-0.06
1996,1,0.14,-0.08
1997,1,0.14,-0.08
1998,1,0.14,-0.08
1999,1,0.14,-0.07
2000,1,0.14,-0.07
